{
  "active": true,
  "find_videos": {
    "ignore_urls": [],
    "patterns": [
      {
        "pattern": "https://vidmoly.(?:to|me)/(?:embed-|w/|)([A-z0-9]+)(?:\\.html|)",
        "url": "https://vidmoly.me/\\1.html"
      }
    ]
  },
  "free": true,
  "id": {
    "value": [
      "vidmoly"
    ]
  },
  "name": "vidmoly",
  "settings": [
    {
      "default": false,
      "enabled": true,
      "id": "black_list",
      "label": "@60654",
      "type": "bool",
      "visible": true
    },
    {
      "default": 0,
      "enabled": true,
      "id": "favorites_servers_list",
      "label": "@60655",
      "lvalues": [
        "No",
        "1",
        "2",
        "3",
        "4",
        "5"
      ],
      "type": "list",
      "visible": false
    }
  ],
  "thumbnail": "https://vidmoly.to/img/logo-main.png"
}
